[
  {
    "Title": "Dil Wale Dulhinia Le Jayengain",
    "Year": 1992,
    "Color": true,
    "Actors": [
      "Kajol",
      "Shahrukh",
      "AmrishPuri"
    ]
  },
  {
    "Title": "Sholay",
    "Year": 1980,
    "Color": true,
    "Actors": [
      "AmitabhBachan",
      "Dharamender",
      "GabbarSingh",
      "Hemamalini"
    ]
  },
  {
    "Title": "Mughle Azam",
    "Year": 1960,
    "Color": false,
    "Actors": [
      "DilipKumar",
      "Madhubala",
      "PritviRajKappor"
    ]
  },
  {
    "Title": "RRR",
    "Year": 2022,
    "Color": true,
    "Actors": [
      "NTR",
      "AliaBhat",
      "Ramcharan",
      "AjayDevgan"
    ]
  }
]
