[
  {
    "id": 3544,
    "name": "Chandrabhaga Dutta",
    "email": "chandrabhaga_dutta@beer.io",
    "gender": "male",
    "status": "inactive"
  },
  {
    "id": 3541,
    "name": "Arun Mehrotra",
    "email": "arun_mehrotra@borer.info",
    "gender": "female",
    "status": "active"
  },
  {
    "id": 3538,
    "name": "Saraswati Kaul",
    "email": "saraswati_kaul@kulas.net",
    "gender": "female",
    "status": "inactive"
  },
  {
    "id": 3537,
    "name": "Prof. Rahul Achari",
    "email": "achari_rahul_prof@emard.biz",
    "gender": "male",
    "status": "inactive"
  },
  {
    "id": 3535,
    "name": "Aadidev Shah DVM",
    "email": "aadidev_dvm_shah@schamberger.info",
    "gender": "male",
    "status": "active"
  },
  {
    "id": 3534,
    "name": "Uttam Agarwal",
    "email": "uttam_agarwal@crooks.name",
    "gender": "female",
    "status": "inactive"
  },
  {
    "id": 3532,
    "name": "Chitraksh Somayaji",
    "email": "somayaji_chitraksh@roob-swift.biz",
    "gender": "male",
    "status": "inactive"
  },
  {
    "id": 3531,
    "name": "Lai Guha Jr.",
    "email": "jr_guha_lai@botsford.com",
    "gender": "male",
    "status": "active"
  },
  {
    "id": 3530,
    "name": "Kumari Khan",
    "email": "khan_kumari@kris.name",
    "gender": "female",
    "status": "inactive"
  },
  {
    "id": 3529,
    "name": "Bhagvan Iyer",
    "email": "bhagvan_iyer@grady.io",
    "gender": "female",
    "status": "inactive"
  }
]
